"","","2019","2019","2019","2015","2015","2015","2010","2010","2010","2005","2005","2005","2000","2000","2000"
"Indicator","Age Group"," Both sexes"," Male"," Female"," Both sexes"," Male"," Female"," Both sexes"," Male"," Female"," Both sexes"," Male"," Female"," Both sexes"," Male"," Female"
"nMx - age-specific death rate between ages x and x+n"," &lt;1 year","0.003030424","0.003282358","0.002765535","0.003291843","0.003458326","0.003116828","0.003458775","0.00376067","0.003140436","0.003877447","0.0043216","0.003409671","0.004374103","0.004858296","0.00386334"
"nMx - age-specific death rate between ages x and x+n"," 1-4 years","0.000140538","0.000151682","0.000128788","0.000164839","0.000179246","0.000149656","0.000176417","0.000186145","0.000166178","0.000206288","0.000226228","0.000185328","0.000241437","0.000268303","0.000213146"
"nMx - age-specific death rate between ages x and x+n"," 5-9 years","7.71E-05","8.32E-05","7.06E-05","7.10E-05","7.95E-05","6.19E-05","8.75E-05","9.37E-05","8.10E-05","0.000107923","0.000114998","0.000100499","0.000114274","0.000130825","9.69E-05"
"nMx - age-specific death rate between ages x and x+n"," 10-14 years","8.26E-05","8.82E-05","7.65E-05","8.74E-05","8.64E-05","8.85E-05","9.22E-05","0.00010887","7.48E-05","0.000119634","0.000126819","0.000112102","0.000129127","0.000146858","0.000110548"
"nMx - age-specific death rate between ages x and x+n"," 15-19  years","0.000226943","0.000292794","0.000155268","0.000239449","0.000300897","0.000173851","0.000269206","0.000351684","0.000182768","0.000315524","0.00043185","0.000193865","0.000450379","0.0006178","0.000275586"
"nMx - age-specific death rate between ages x and x+n"," 20-24 years","0.000301145","0.000426166","0.000164556","0.000333716","0.000467497","0.000190754","0.000371588","0.000516242","0.000220788","0.000440251","0.000643778","0.000231785","0.000616307","0.000907419","0.000315026"
"nMx - age-specific death rate between ages x and x+n"," 25-29 years","0.00033992","0.000452742","0.0002171","0.000390591","0.000536434","0.000236058","0.000444932","0.000630304","0.000255413","0.000460151","0.000670935","0.00024638","0.000580011","0.000829769","0.000320107"
"nMx - age-specific death rate between ages x and x+n"," 30-34 years","0.000504843","0.000643358","0.000356742","0.000543897","0.000724065","0.000357611","0.000534276","0.000731081","0.000334894","0.000581539","0.000785856","0.00037001","0.000706749","0.000957638","0.000444082"
"nMx - age-specific death rate between ages x and x+n"," 35-39 years","0.000742879","0.000959556","0.000518233","0.000743498","0.000976239","0.000507272","0.000788712","0.001034259","0.000535592","0.000856934","0.001113127","0.000589584","0.001084148","0.001418585","0.000734187"
"nMx - age-specific death rate between ages x and x+n"," 40-44 years","0.001137294","0.001465098","0.000804574","0.001196474","0.001537554","0.000848626","0.001277023","0.001618367","0.000922905","0.001529733","0.00197121","0.001069719","0.001879484","0.00246992","0.001265365"
"nMx - age-specific death rate between ages x and x+n"," 45-49 years","0.001892382","0.002377716","0.001400339","0.002023945","0.002575964","0.001459017","0.002250001","0.002870636","0.001607611","0.002681266","0.003479402","0.001857122","0.003005717","0.003958668","0.002038925"
"nMx - age-specific death rate between ages x and x+n"," 50-54 years","0.003216337","0.004156139","0.002267641","0.003507624","0.004504931","0.002490461","0.003929327","0.005101644","0.002731609","0.004274054","0.00567398","0.002870622","0.004515779","0.005915796","0.003081394"
"nMx - age-specific death rate between ages x and x+n"," 55-59 years","0.005485791","0.0071164","0.003862513","0.005882954","0.007737449","0.004026308","0.006057425","0.008120141","0.00402884","0.006355807","0.00840532","0.004294622","0.006995731","0.00943914","0.004546561"
"nMx - age-specific death rate between ages x and x+n"," 60-64 years","0.009185772","0.012061271","0.006423442","0.009240318","0.01231613","0.006301519","0.009082328","0.012011055","0.006214902","0.009648478","0.012986743","0.006398329","0.010556295","0.014545778","0.006748476"
"nMx - age-specific death rate between ages x and x+n"," 65-69 years","0.013686804","0.018142731","0.00963953","0.013618897","0.017906071","0.009592117","0.013664504","0.018357254","0.009268547","0.014414299","0.019796148","0.009516701","0.017340525","0.024097378","0.011318475"
"nMx - age-specific death rate between ages x and x+n"," 70-74 years","0.021051378","0.027146816","0.015678252","0.020956459","0.027609073","0.015104363","0.020818077","0.02793942","0.014715679","0.023997242","0.032521346","0.016943515","0.027561118","0.038077655","0.019765968"
"nMx - age-specific death rate between ages x and x+n"," 75-79 years","0.03164996","0.041406084","0.023745894","0.033362485","0.043108227","0.025733318","0.036949742","0.04781243","0.028727743","0.040513747","0.053852209","0.031618101","0.044455757","0.060777495","0.036232138"
"nMx - age-specific death rate between ages x and x+n"," 80-84 years","0.057917924","0.071417365","0.04828457","0.063362016","0.078501652","0.053282723","0.066271259","0.082314216","0.056813936","0.070568358","0.089952463","0.062098704","0.075174255","0.098216765","0.065727292"
"nMx - age-specific death rate between ages x and x+n"," 85+ years","0.100721335","0.152970802","0.074250097","0.158067314","0.170632289","0.152667343","0.149637186","0.154502825","0.147990124","0.165745601","0.173041408","0.163573077","0.164521673","0.18626717","0.158070906"
"nqx - probability of dying between ages x and x+n"," &lt;1 year","0.003022181","0.00327269","0.002758669","0.00328212","0.003447595","0.00310811","0.003448042","0.003747984","0.003131585","0.003863963","0.004304857","0.003399239","0.004356951","0.004837146","0.003849954"
"nqx - probability of dying between ages x and x+n"," 1-4 years","0.000561962","0.000606505","0.000514994","0.000659097","0.000716678","0.000598407","0.000705371","0.000744249","0.000664447","0.000824745","0.000904423","0.000740983","0.000965189","0.001072523","0.000852149"
"nqx - probability of dying between ages x and x+n"," 5-9 years","0.000385356","0.000415737","0.000353001","0.000354701","0.000397644","0.000309236","0.0004374","0.000468418","0.000404812","0.000539472","0.000574823","0.000502367","0.000571208","0.000653913","0.000484341"
"nqx - probability of dying between ages x and x+n"," 10-14 years","0.000412795","0.000440765","0.000382614","0.000436969","0.000431741","0.000442528","0.000461094","0.000544203","0.000373857","0.000597993","0.000633892","0.000560353","0.000645427","0.000734023","0.000552589"
"nqx - probability of dying between ages x and x+n"," 15-19  years","0.001134074","0.001462899","0.000776039","0.001196527","0.001503354","0.000868875","0.001345127","0.001756873","0.000913425","0.001576378","0.00215692","0.000968855","0.002249362","0.003084234","0.00137698"
"nqx - probability of dying between ages x and x+n"," 20-24 years","0.00150459","0.002128563","0.000822442","0.00166719","0.002334756","0.000953315","0.001856216","0.002577882","0.00110333","0.002198833","0.00321372","0.001158255","0.003076796","0.004526826","0.001573889"
"nqx - probability of dying between ages x and x+n"," 25-29 years","0.001698157","0.002261149","0.00108491","0.00195105","0.002678576","0.001179594","0.002222189","0.003146563","0.001276251","0.00229811","0.003349059","0.001231141","0.002895857","0.004140257","0.001599254"
"nqx - probability of dying between ages x and x+n"," 30-34 years","0.002521034","0.003211624","0.001782118","0.002715791","0.003613785","0.00178646","0.002667818","0.003648737","0.001673069","0.002903472","0.003921576","0.001848338","0.003527511","0.004776754","0.00221795"
"nqx - probability of dying between ages x and x+n"," 35-39 years","0.003707511","0.0047863","0.002587811","0.003710591","0.004869313","0.002533146","0.003935798","0.00515796","0.00267438","0.004275513","0.005550189","0.002943583","0.005406088","0.007067859","0.003664211"
"nqx - probability of dying between ages x and x+n"," 40-44 years","0.00567035","0.007298755","0.004014795","0.005964528","0.007658332","0.004234146","0.006364797","0.008059229","0.004603904","0.007619528","0.009807716","0.00533433","0.009353471","0.01227381","0.006306876"
"nqx - probability of dying between ages x and x+n"," 45-49 years","0.009417359","0.011818328","0.006977269","0.010068778","0.012797404","0.007268571","0.011187076","0.014250908","0.00800588","0.013317065","0.017246988","0.009242699","0.014916496","0.019599371","0.010142922"
"nqx - probability of dying between ages x and x+n"," 50-54 years","0.015953406","0.020566998","0.011274292","0.017385664","0.022273799","0.012375257","0.019455515","0.025186981","0.013565408","0.021144341","0.027973104","0.014250838","0.022326836","0.029147898","0.01528919"
"nqx - probability of dying between ages x and x+n"," 55-59 years","0.02705787","0.034960024","0.019127861","0.028988425","0.037953093","0.01993092","0.029835313","0.039792893","0.019943327","0.031281978","0.041161656","0.02124501","0.034377418","0.046107658","0.022477318"
"nqx - probability of dying between ages x and x+n"," 60-64 years","0.044897805","0.058541155","0.031609602","0.045158393","0.059741199","0.031018928","0.044403423","0.05830453","0.030599084","0.047106135","0.062891815","0.031487971","0.051424347","0.070176942","0.03318255"
"nqx - probability of dying between ages x and x+n"," 65-69 years","0.066169886","0.086777693","0.047063477","0.065852391","0.085694236","0.046837411","0.066065636","0.087758748","0.045293227","0.069564681","0.094313147","0.046477719","0.083100126","0.11364078","0.055035093"
"nqx - probability of dying between ages x and x+n"," 70-74 years","0.099994342","0.127107661","0.075434554","0.099565921","0.129132308","0.072773808","0.098940984","0.130576521","0.070967556","0.113195273","0.150380306","0.081274871","0.128922469","0.173839752","0.094176132"
"nqx - probability of dying between ages x and x+n"," 75-79 years","0.146646418","0.18760994","0.112076101","0.153970341","0.194571998","0.120889379","0.169125821","0.213537753","0.134013921","0.183938627","0.237311654","0.146509614","0.200045816","0.263804094","0.166114025"
"nqx - probability of dying between ages x and x+n"," 80-84 years","0.252962031","0.302989961","0.215419281","0.273488175","0.328114444","0.235097085","0.284260537","0.341330251","0.248739941","0.299928191","0.367188532","0.268768136","0.316407104","0.394273224","0.28225656"
"nqx - probability of dying between ages x and x+n"," 85+ years","1","1","1","1","1","1","1","1","1","1","1","1","1","1","1"
"lx - number of people left alive at age x"," &lt;1 year","1.00E+05","1.00E+05","1.00E+05","1.00E+05","1.00E+05","1.00E+05","1.00E+05","1.00E+05","1.00E+05","1.00E+05","1.00E+05","1.00E+05","1.00E+05","1.00E+05","1.00E+05"
"lx - number of people left alive at age x"," 1-4 years","99697.78187","99672.73104","99724.13311","99671.78805","99655.24048","99689.18902","99655.1958","99625.20157","99686.8415","99613.60367","99569.51431","99660.07607","99564.30492","99516.28541","99615.00459"
"lx - number of people left alive at age x"," 5-9 years","99641.75549","99612.27899","99672.7758","99606.0947","99583.8198","99629.5343","99584.90192","99551.05564","99620.60483","99531.44787","99479.46136","99586.2296","99468.20655","99409.55192","99530.11781"
"lx - number of people left alive at age x"," 10-14 years","99603.35789","99570.8665","99637.59124","99570.76436","99544.22086","99598.72528","99541.34344","99504.42415","99580.2772","99477.75348","99422.27828","99536.20079","99411.3895","99344.5467","99481.91131"
"lx - number of people left alive at age x"," 15-19  years","99562.24209","99526.97918","99599.46846","99527.25501","99501.24352","99554.65006","99495.44557","99450.27351","99543.04838","99418.2665","99359.25526","99480.42534","99347.22669","99271.62551","99426.9387"
"lx - number of people left alive at age x"," 20-24 years","99449.33117","99381.38124","99522.17539","99408.16799","99351.65794","99468.14953","99361.61154","99275.55199","99452.12331","99261.54576","99144.94527","99384.04325","99123.75881","98965.44858","99290.02979"
"lx - number of people left alive at age x"," 25-29 years","99299.70065","99169.84168","99440.32413","99242.43568","99119.69604","99373.32504","99177.17493","99019.63135","99342.39476","99043.28623","98826.32121","99268.93123","98818.77525","98517.44918","99133.75835"
"lx - number of people left alive at age x"," 30-34 years","99131.07417","98945.60385","99332.44031","99048.80868","98854.19638","99256.10488","98956.78455","98708.05982","99215.60891","98815.67384","98495.34604","99146.71717","98532.61024","98109.56162","98975.21828"
"lx - number of people left alive at age x"," 35-39 years","98881.16133","98627.82782","99155.41814","98779.81279","98496.95853","99078.7878","98692.78587","98347.90008","99049.61436","98528.7653","98109.0891","98963.46048","98185.03536","97640.91641","98755.69621"
"lx - number of people left alive at age x"," 40-44 years","98514.55835","98155.76543","98898.82267","98413.28126","98017.34604","98827.80674","98304.35105","97840.62557","98784.71809","98107.5043","97564.56509","98672.15329","97654.23841","96950.80416","98393.83453"
"lx - number of people left alive at age x"," 45-49 years","97955.94632","97439.35054","98501.76415","97826.29248","97266.69664","98409.35537","97678.66385","97052.1056","98329.92276","97359.97146","96607.67959","98145.80347","96740.83236","95760.84844","97773.27684"
"lx - number of people left alive at age x"," 50-54 years","97033.45998","96287.78031","97814.49083","96841.30122","96021.93542","97694.05995","96585.92519","95669.02494","97542.70516","96063.42243","94941.48812","97238.67132","95297.79816","93883.99606","96781.57011"
"lx - number of people left alive at age x"," 55-59 years","95485.44581","94307.4297","96711.70174","95157.65093","93883.16211","96485.07088","94706.79627","93259.41101","96219.49853","94032.2247","92285.67999","95852.93873","93170.09986","91147.4749","95301.85834"
"lx - number of people left alive at age x"," 60-64 years","92901.81305","91010.43968","94861.81379","92399.18053","90320.00568","94562.03467","91881.18934","89548.34923","94300.56159","91090.71073","88487.04853","93816.54208","89967.15235","86944.87834","93159.72812"
"lx - number of people left alive at age x"," 65-69 years","88730.72554","85682.58343","91863.26958","88226.58203","84924.18021","91628.82173","87801.35003","84327.27486","91415.05079","86799.7794","82921.93746","90862.44956","85340.6503","80843.35263","90068.45076"
"lx - number of people left alive at age x"," 70-74 years","82859.42357","78247.24649","87539.86472","82416.65064","77646.6675","87337.16499","82000.69799","76926.81883","87274.56816","80761.58044","75101.3086","86639.37018","78248.8315","71656.25099","85111.52515"
"lx - number of people left alive at age x"," 75-79 years","74573.94999","68301.42203","80936.33411","74210.76087","67619.9741","80981.30689","73887.46825","66881.98243","81080.90536","71619.75132","63807.55081","79597.76651","68160.79893","59199.54609","77096.05093"
"lx - number of people left alive at age x"," 80-84 years","63637.94732","55487.39636","71865.30538","62784.50471","54463.02061","71191.52702","61391.18949","52600.15416","70214.93528","58446.11261","48665.27541","67935.92843","54525.51631","43582.46346","64289.31557"
"lx - number of people left alive at age x"," 85+ years","47539.96293","38675.27228","56384.13299","45613.68511","36592.91689","54454.60655","43940.09701","34646.13036","52749.67639","40916.47577","30795.94435","49676.91556","37273.25563","26399.06508","46143.2345"
"ndx - number of people dying between ages x and x+n"," &lt;1 year","302.2181275","327.2689587","275.8668899","328.2119515","344.7595176","310.8109789","344.8042042","374.7984314","313.1585015","386.3963257","430.4856888","339.9239296","435.6950794","483.7145859","384.9954139"
"ndx - number of people dying between ages x and x+n"," 1-4 years","56.02638485","60.45204752","51.35730767","65.69335249","71.42068061","59.65472391","70.29387306","74.14592607","66.23667235","82.15580414","90.05295042","73.8464706","96.09836913","106.7334903","84.88678035"
"ndx - number of people dying between ages x and x+n"," 5-9 years","38.39759453","41.41249255","35.18456136","35.33033528","39.59894609","30.8090194","43.55848048","46.63149379","40.32762967","53.69439494","57.18307946","50.02881207","56.81704933","65.00522627","48.20649654"
"ndx - number of people dying between ages x and x+n"," 10-14 years","41.11580089","43.88732346","38.12277852","43.50934795","42.97733577","44.07521291","45.89787248","54.15064044","37.22881933","59.48697527","63.02302118","55.77544868","64.16280855","72.92118266","54.9726132"
"ndx - number of people dying between ages x and x+n"," 15-19  years","112.9109235","145.5979385","77.29307659","119.0870222","149.5855835","86.50053678","133.8340279","174.7215159","90.92506447","156.7207449","214.3099901","96.38208559","223.467887","306.1769332","136.9089072"
"ndx - number of people dying between ages x and x+n"," 20-24 years","149.6305155","211.5395593","81.85125209","165.7323098","231.9619012","94.82448677","184.4366137","255.9206428","109.7285556","218.2595214","318.6240639","115.1120276","304.9835614","447.9994066","156.2714387"
"ndx - number of people dying between ages x and x+n"," 25-29 years","168.6264873","224.2378264","107.883827","193.6269989","265.4996579","117.2201609","220.3903777","311.5715342","126.7858459","227.6123945","330.9751687","122.2140568","286.16501","407.8875516","158.5400744"
"ndx - number of people dying between ages x and x+n"," 30-34 years","249.9128322","317.7760313","177.0221696","268.9958906","357.2378511","177.3170803","263.9986784","360.1597342","165.99455","286.9085371","386.2569415","183.2566909","347.5748737","468.6452088","219.5220654"
"ndx - number of people dying between ages x and x+n"," 35-39 years","366.6029885","472.0623956","256.5954644","366.5315288","479.6124898","250.981059","388.4348249","507.2745106","264.8962667","421.2610013","544.5240082","291.3071871","530.7969499","690.112259","361.8616793"
"ndx - number of people dying between ages x and x+n"," 40-44 years","558.6120237","716.4148875","397.0585255","586.98878","750.6493949","418.4513681","625.6871999","788.5199664","454.7953301","747.5328409","956.8854992","526.349824","913.4060486","1189.955713","620.5576944"
"ndx - number of people dying between ages x and x+n"," 45-49 years","922.4863428","1151.570231","687.2733201","984.9912628","1244.761219","715.2954271","1092.738657","1383.080667","787.2176022","1296.549027","1666.191467","907.1321469","1443.034207","1876.852381","991.7067236"
"ndx - number of people dying between ages x and x+n"," 50-54 years","1548.014172","1980.350606","1102.789091","1683.650289","2138.773316","1208.98907","1879.128921","2409.613925","1323.206636","2031.197735","2655.808134","1385.732592","2127.6983","2736.521163","1479.711778"
"ndx - number of people dying between ages x and x+n"," 55-59 years","2583.63276","3296.990025","1849.887947","2758.470396","3563.156423","1923.036202","2825.606925","3711.061778","1918.936932","2941.513964","3798.631455","2036.396646","3202.94751","4202.596557","2142.130211"
"ndx - number of people dying between ages x and x+n"," 60-64 years","4171.087504","5327.856251","2998.544208","4172.598506","5395.825475","2933.212946","4079.839315","5221.074376","2885.510805","4290.931339","5565.111067","2954.092517","4626.502044","6101.525713","3091.277368"
"ndx - number of people dying between ages x and x+n"," 65-69 years","5871.301978","7435.336935","4323.404864","5809.931392","7277.512708","4291.656741","5800.652043","7400.456028","4140.482633","6038.19896","7820.628869","4223.079385","7091.818806","9187.101637","4956.925607"
"ndx - number of people dying between ages x and x+n"," 70-74 years","8285.473578","9945.824459","6603.530613","8205.889765","10026.6934","6355.858092","8113.229738","10044.8364","6193.662795","9141.829118","11293.75778","7041.60367","10088.03257","12456.7049","8015.474216"
"ndx - number of people dying between ages x and x+n"," 75-79 years","10936.00267","12814.02567","9071.028722","11426.25616","13156.9535","9789.779878","12496.27876","14281.82827","10865.97008","13173.63871","15142.2754","11661.83808","13635.28261","15617.08263","12806.73536"
"ndx - number of people dying between ages x and x+n"," 80-84 years","16097.98438","16812.12407","15481.17239","17170.8196","17870.10372","16736.92047","17451.09249","17954.0238","17465.25889","17529.63684","17869.33106","18259.01287","17252.26069","17183.39838","18146.08108"
"ndx - number of people dying between ages x and x+n"," 85+ years","47539.96293","38675.27228","56384.13299","45613.68511","36592.91689","54454.60655","43940.09701","34646.13036","52749.67639","40916.47577","30795.94435","49676.91556","37273.25563","26399.06508","46143.2345"
"nLx - person-years lived between ages x and x+n"," &lt;1 year","99728.00369","99705.45794","99751.7198","99704.60924","99689.71643","99720.27012","99689.67622","99662.68141","99718.15735","99652.24331","99612.56288","99694.06846","99607.87443","99564.65687","99653.50413"
"nLx - person-years lived between ages x and x+n"," 1-4 years","398656.6642","398545.8393","398773.2749","398529.4881","398449.5523","398613.5847","398452.0779","398322.8561","398588.398","398257.2408","398061.9302","398463.0728","398026.5836","397808.9813","398256.2901"
"nLx - person-years lived between ages x and x+n"," 5-9 years","498112.7835","497957.8637","498275.9176","497942.1476","497820.1016","498070.6489","497815.6134","497638.6995","498002.2051","497523.0034","497254.3491","497806.076","497198.9901","496885.2466","497530.0728"
"nLx - person-years lived between ages x and x+n"," 10-14 years","497914","497744.6142","498092.6493","497745.0484","497613.6609","497883.4384","497591.9725","497386.7441","497808.3139","497240.0499","496953.8339","497541.5653","496896.5405","496540.4305","497272.125"
"nLx - person-years lived between ages x and x+n"," 15-19  years","497528.9332","497270.901","497804.1096","497338.5575","497132.2536","497556.999","497142.6428","496814.5638","497487.9292","496699.5306","496260.5013","497161.1715","496177.4638","495592.6852","496792.4212"
"nLx - person-years lived between ages x and x+n"," 20-24 years","496872.5796","496378.0573","497406.2488","496626.5092","496178.3849","497103.6864","496346.9662","495737.9584","496986.2952","495762.08","494928.1662","496632.4362","494856.3351","493707.2444","496059.4703"
"nLx - person-years lived between ages x and x+n"," 25-29 years","496076.937","495288.6138","496931.9111","495728.1109","494934.731","496573.5748","495334.8987","494319.2279","496395.0092","494647.4002","493304.1681","496039.121","493378.4637","491567.527","495272.4416"
"nLx - person-years lived between ages x and x+n"," 30-34 years","495030.5887","493933.5792","496219.6461","494571.5537","493377.8873","495837.2317","494123.9261","492639.8997","495663.0582","493361.0979","491511.0878","495275.4441","491794.114","489376.1951","494327.2862"
"nLx - person-years lived between ages x and x+n"," 35-39 years","493489.2992","491958.9831","495135.602","492982.7351","491285.7614","494766.4864","492492.8423","490471.3141","494585.8311","491590.674","489184.1355","494089.0344","489598.1844","486479.3014","492873.8269"
"nLx - person-years lived between ages x and x+n"," 40-44 years","491176.2617","488987.7899","493501.4671","490598.9344","488210.1067","493092.9053","489957.5372","487231.8279","492786.6021","488668.6894","485430.6117","492044.8919","485987.6769","481779.1315","490417.7784"
"nLx - person-years lived between ages x and x+n"," 45-49 years","487473.5158","484317.8271","490790.6374","486668.9843","483221.5802","490258.5383","485661.4726","481802.8264","489681.5698","483558.4847","478872.9193","488461.187","480096.5763","474112.1113","486387.1174"
"nLx - person-years lived between ages x and x+n"," 50-54 years","481297.2645","476488.025","486315.4814","479997.3804","474762.7438","485447.8271","478231.8036","472321.0899","484405.5092","475239.1178","468067.9203","482729.0251","471169.745","462578.6774","480208.5711"
"nLx - person-years lived between ages x and x+n"," 55-59 years","470968.1471","463294.6734","478933.7888","468892.0787","460507.9195","477617.7639","466469.964","457019.4006","476300.1503","462807.3386","451931.8213","474173.702","457843.1305","445230.8831","471153.9661"
"nLx - person-years lived between ages x and x+n"," 60-64 years","454081.3465","441732.5578","466812.7084","451564.4064","438110.4647","465477.141","449206.3484","434689.0602","464289.031","444726.2253","428522.465","461697.4791","438269.5066","419470.5774","458070.4472"
"nLx - person-years lived between ages x and x+n"," 65-69 years","428975.3728","409824.5748","448507.8358","426608.0817","406427.1193","447414.9668","424505.12","403135.2342","446724.0474","418903.3996","395058.1151","443754.5494","408973.7045","381249.0091","437949.9398"
"nLx - person-years lived between ages x and x+n"," 70-74 years","393583.4339","366371.6713","421190.4971","391568.5288","363166.604","420796.1797","389720.4156","359522.0031","420888.6838","380953.3294","347272.1485","415592.8417","366024.0761","327139.4927","405518.9402"
"nLx - person-years lived between ages x and x+n"," 75-79 years","345529.7433","309472.046","382004.0987","342488.164","305207.4868","380432.0848","338196.6444","298705.3415","378239.6016","325164.6598","281182.0656","368834.2373","306715.7881","256955.0239","353463.4163"
"nLx - person-years lived between ages x and x+n"," 80-84 years","277944.7756","235406.6716","320623.5959","270995.4745","227639.8437","314115.3339","263328.2162","218115.7113","307411.5292","248406.4709","198653.0494","294032.11","229496.9298","174953.8213","276081.3752"
"nLx - person-years lived between ages x and x+n"," 85+ years","367812.0355","227341.3646","510057.4501","261622.64","197867.8949","320567.8185","262525.4653","202151.3384","317722.0955","226317.4517","164692.2651","277585.4403","207350.4213","133056.6605","264655.3866"
"Tx - person-years lived above age x"," &lt;1 year","8172251.685","7872021.111","8477128.64","8042173.433","7811603.813","8271346.48","8016793.604","7777687.779","8253684.017","7919478.487","7656754.116","8171607.453","7809462.105","7504047.656","8091944.377"
"Tx - person-years lived above age x"," 1-4 years","8072523.682","7772315.653","8377376.92","7942468.824","7711914.097","8171626.209","7917103.927","7678025.097","8153965.86","7819826.244","7557141.553","8071913.385","7709854.23","7404483","7992290.872"
"Tx - person-years lived above age x"," 5-9 years","7673867.018","7373769.814","7978603.645","7543939.336","7313464.544","7773012.625","7518651.849","7279702.241","7755377.462","7421569.003","7159079.623","7673450.312","7311827.647","7006674.018","7594034.582"
"Tx - person-years lived above age x"," 10-14 years","7175754.234","6875811.95","7480327.728","7045997.188","6815644.443","7274941.976","7020836.236","6782063.542","7257375.257","6924046","6661825.274","7175644.236","6814628.657","6509788.772","7096504.51"
"Tx - person-years lived above age x"," 15-19  years","6677840.234","6378067.336","6982235.078","6548252.139","6318030.782","6777058.537","6523244.264","6284676.797","6759566.943","6426805.95","6164871.44","6678102.671","6317732.116","6013248.341","6599232.385"
"Tx - person-years lived above age x"," 20-24 years","6180311.301","5880796.435","6484430.969","6050913.582","5820898.528","6279501.538","6026101.621","5787862.234","6262079.014","5930106.419","5668610.939","6180941.499","5821554.652","5517655.656","6102439.963"
"Tx - person-years lived above age x"," 25-29 years","5683438.721","5384418.378","5987024.72","5554287.073","5324720.143","5782397.852","5529754.655","5292124.275","5765092.718","5434344.339","5173682.773","5684309.063","5326698.317","5023948.412","5606380.493"
"Tx - person-years lived above age x"," 30-34 years","5187361.784","4889129.764","5490092.809","5058558.962","4829785.412","5285824.277","5034419.756","4797805.047","5268697.709","4939696.939","4680378.604","5188269.942","4833319.854","4532380.885","5111108.051"
"Tx - person-years lived above age x"," 35-39 years","4692331.196","4395196.185","4993873.163","4563987.408","4336407.525","4789987.046","4540295.83","4305165.148","4773034.651","4446335.841","4188867.517","4692994.498","4341525.74","4043004.69","4616780.765"
"Tx - person-years lived above age x"," 40-44 years","4198841.896","3903237.202","4498737.561","4071004.673","3845121.764","4295220.559","4047802.988","3814693.834","4278448.82","3954745.167","3699683.381","4198905.464","3851927.555","3556525.388","4123906.938"
"Tx - person-years lived above age x"," 45-49 years","3707665.635","3414249.412","4005236.094","3580405.739","3356911.657","3802127.654","3557845.45","3327462.006","3785662.218","3466076.478","3214252.77","3706860.572","3365939.878","3074746.257","3633489.16"
"Tx - person-years lived above age x"," 50-54 years","3220192.119","2929931.584","3514445.456","3093736.754","2873690.077","3311869.116","3072183.978","2845659.179","3295980.648","2982517.993","2735379.85","3218399.385","2885843.302","2600634.145","3147102.043"
"Tx - person-years lived above age x"," 55-59 years","2738894.855","2453443.559","3028129.975","2613739.374","2398927.333","2826421.289","2593952.174","2373338.089","2811575.139","2507278.875","2267311.93","2735670.36","2414673.557","2138055.468","2666893.471"
"Tx - person-years lived above age x"," 60-64 years","2267926.707","1990148.886","2549196.186","2144847.295","1938419.413","2348803.525","2127482.21","1916318.689","2335274.988","2044471.537","1815380.109","2261496.658","1956830.426","1692824.585","2195739.505"
"Tx - person-years lived above age x"," 65-69 years","1813845.361","1548416.328","2082383.478","1693282.889","1500308.949","1883326.384","1678275.862","1481629.629","1870985.957","1599745.311","1386857.644","1799799.179","1518560.92","1273354.007","1737669.058"
"Tx - person-years lived above age x"," 70-74 years","1384869.988","1138591.753","1633875.642","1266674.807","1093881.829","1435911.417","1253770.742","1078494.394","1424261.91","1180841.912","991799.5285","1356044.629","1109587.215","892104.9984","1299719.118"
"Tx - person-years lived above age x"," 75-79 years","991286.5543","772220.0821","1212685.145","875106.2785","730715.2254","1015115.237","864050.3259","718972.3911","1003373.226","799888.5824","644527.38","940451.7876","743563.1393","564965.5057","894200.1781"
"Tx - person-years lived above age x"," 80-84 years","645756.8111","462748.0362","830681.0461","532618.1146","425507.7386","634683.1524","525853.6816","420267.0497","625133.6247","474723.9226","363345.3145","571617.5502","436847.3512","308010.4818","540736.7618"
"Tx - person-years lived above age x"," 85+ years","367812.0355","227341.3646","510057.4501","261622.64","197867.8949","320567.8185","262525.4653","202151.3384","317722.0955","226317.4517","164692.2651","277585.4403","207350.4213","133056.6605","264655.3866"
"ex - expectation of life at age x"," &lt;1 year","81.72251685","78.72021111","84.7712864","80.42173433","78.11603813","82.7134648","80.16793604","77.77687779","82.53684017","79.19478487","76.56754116","81.71607453","78.09462105","75.04047656","80.91944377"
"ex - expectation of life at age x"," 1-4 years","80.96994266","77.97835548","84.0055126","79.68622796","77.38593635","81.97103708","79.44496887","77.06910477","81.79580913","78.5015897","75.89814619","80.99445338","77.43592683","74.40473656","80.23179746"
"ex - expectation of life at age x"," 5-9 years","77.01457065","74.02470748","80.04797279","75.73772828","73.44028939","78.01916048","75.4999172","73.12531438","77.84913046","74.56506624","71.96540397","77.05332698","73.50919354","70.48290514","76.29886058"
"ex - expectation of life at age x"," 10-14 years","72.04329639","69.0544553","75.07535695","70.76371496","68.46850961","73.04252093","70.53186137","68.15841205","72.87964506","69.60396428","67.00535724","72.09079892","68.54977776","65.52738915","71.3346217"
"ex - expectation of life at age x"," 15-19  years","67.07201539","64.08380309","70.10313595","65.79355714","63.49700324","68.07375178","65.56324489","63.19416303","67.90596685","64.64411598","62.04627263","67.12981622","63.59243561","60.57368669","66.37267999"
"ex - expectation of life at age x"," 20-24 years","62.14532796","59.17402598","65.15563937","60.8693803","58.58884139","63.13077672","60.64818723","58.30098264","62.96576488","59.74223325","57.17498682","62.19249386","58.73016442","55.75335367","61.46075267"
"ex - expectation of life at age x"," 25-29 years","57.23520498","54.29491755","60.20721244","55.96685566","53.72010162","58.18863211","55.75632356","53.44520277","58.03255229","54.86837671","52.3512634","57.26171314","53.90370711","50.9955186","56.5536966"
"ex - expectation of life at age x"," 30-34 years","52.32831207","49.41229901","55.26988758","51.07137611","48.85766704","53.25439965","50.87493272","48.60601106","53.10351634","49.98900222","47.51877924","52.32921564","49.0529972","46.19713726","51.64028067"
"ex - expectation of life at age x"," 35-39 years","47.45424844","44.5634491","50.36409766","46.20364505","44.0258013","48.34523264","46.00433344","43.77485583","48.1883214","45.12728671","42.69601884","47.42148744","44.21779474","41.40686956","46.74951362"
"ex - expectation of life at age x"," 40-44 years","42.62153703","39.76574564","45.48828226","41.36641539","39.22899282","43.46166024","41.17623426","38.98885367","43.31083696","40.3103228","37.92035949","42.55410796","39.44455067","36.68381525","41.91224946"
"ex - expectation of life at age x"," 45-49 years","37.85033757","35.039739","40.66156711","36.59962621","34.51244643","38.63583538","36.42397746","34.28531493","38.49959515","35.60063161","33.27119317","37.76891564","34.79337314","32.10859455","37.16239526"
"ex - expectation of life at age x"," 50-54 years","33.1864093","30.4289036","35.92970148","31.94645999","29.92743339","33.90041439","31.80778122","29.7448331","33.79012959","31.0473843","28.81121735","33.09793667","30.28237124","27.70050546","32.5175758"
"ex - expectation of life at age x"," 55-59 years","28.6838987","26.01537935","31.31089538","27.46746424","25.55226389","29.29387171","27.38929281","25.44877845","29.22043018","26.66403867","24.56840466","28.54028678","25.91682912","23.45710038","27.98364605"
"ex - expectation of life at age x"," 60-64 years","24.41208232","21.86725933","26.87273292","23.21283893","21.46168392","24.83875831","23.15470909","21.39982149","24.76416841","22.44434718","20.51577196","24.10552135","21.75049866","19.47008975","23.56962122"
"ex - expectation of life at age x"," 65-69 years","20.44213377","18.0715411","22.66829264","19.19243441","17.66645195","20.55386447","19.11446534","17.56999299","20.4669356","18.43029236","16.72485817","19.80795353","17.79411001","15.75088076","19.2927606"
"ex - expectation of life at age x"," 70-74 years","16.71348808","14.55120537","18.66436106","15.36916142","14.08794304","16.44101245","15.28975694","14.01974514","16.31932349","14.62133239","13.20615509","15.65159842","14.18024006","12.44978611","15.27077697"
"ex - expectation of life at age x"," 75-79 years","13.29266526","11.30606156","14.98319832","11.79217499","10.80620386","12.53517974","11.69413903","10.74986663","12.37496328","11.16854733","10.10111455","11.81505247","10.90895575","9.543409418","11.59852116"
"ex - expectation of life at age x"," 80-84 years","10.1473545","8.339696338","11.55886059","8.483273334","7.812782579","8.915150145","8.56562132","7.989844449","8.903143217","8.122420832","7.466213052","8.414068424","8.011796691","7.067303162","8.410989555"
"ex - expectation of life at age x"," 85+ years","7.736902024","5.8782098","9.046116755","5.735617269","5.407273092","5.886881548","5.974621888","5.834745073","6.023204639","5.531205888","5.347855652","5.587815531","5.562981227","5.04020351","5.73551875"
